{
	"partitions" : [
		{
			"name" : "Top",
			"pins" : [
				{
					"name" : "GPIO_0_D[5]",
					"strict" : false
				},
				{
					"name" : "GPIO_0_D[7]",
					"strict" : false
				},
				{
					"name" : "GPIO_0_D[9]",
					"strict" : false
				},
				{
					"name" : "GPIO_0_D[11]",
					"strict" : false
				},
				{
					"name" : "GPIO_0_D[13]",
					"strict" : false
				},
				{
					"name" : "GPIO_0_D[15]",
					"strict" : false
				},
				{
					"name" : "GPIO_0_D[17]",
					"strict" : false
				},
				{
					"name" : "GPIO_0_D[19]",
					"strict" : false
				},
				{
					"name" : "GPIO_0_D[21]",
					"strict" : false
				},
				{
					"name" : "GPIO_0_D[23]",
					"strict" : false
				},
				{
					"name" : "GPIO_1_D[9]",
					"strict" : false
				},
				{
					"name" : "GPIO_1_D[10]",
					"strict" : false
				},
				{
					"name" : "GPIO_1_D[11]",
					"strict" : false
				},
				{
					"name" : "GPIO_1_D[12]",
					"strict" : false
				},
				{
					"name" : "GPIO_1_D[13]",
					"strict" : false
				},
				{
					"name" : "GPIO_1_D[14]",
					"strict" : false
				},
				{
					"name" : "GPIO_1_D[15]",
					"strict" : false
				},
				{
					"name" : "GPIO_1_D[16]",
					"strict" : false
				},
				{
					"name" : "GPIO_1_D[17]",
					"strict" : false
				},
				{
					"name" : "GPIO_1_D[18]",
					"strict" : false
				},
				{
					"name" : "GPIO_1_D[19]",
					"strict" : false
				},
				{
					"name" : "GPIO_1_D[20]",
					"strict" : false
				},
				{
					"name" : "GPIO_1_D[21]",
					"strict" : false
				},
				{
					"name" : "GPIO_1_D[22]",
					"strict" : false
				},
				{
					"name" : "GPIO_1_D[23]",
					"strict" : false
				},
				{
					"name" : "GPIO_1_D[24]",
					"strict" : false
				},
				{
					"name" : "KEY[0]",
					"strict" : false
				},
				{
					"name" : "CLOCK_50",
					"strict" : false
				}
			]
		}
	]
}